INGREDIENTES,UND,PRECIO / unidad,RENDIMIENTO,CATEGORÍA
Abadejo Fresco,kg,10.50 €,100.00%,Proteína animal
Abdejo Filete Cong,kg,4.90 €,100.00%,Proteína animal
Abdejo Filete Cong Piel,kg,3.15 €,100.00%,Proteína animal
Abdejo Filete Cong Prem,kg,5.20 €,100.00%,Proteína animal
Aceite Freidoras,kg,1.01 €,100.00%,Grasa
Aceite Girasol,kg,1.04 €,100.00%,Grasa
Aceite Oliva Virgen Extra,kg,3.81 €,100.00%,Grasa
Aceite Oliva Virgen Extra,unidad,0.22 €,100.00%,Grasa
Aceite Ove 0´4 º,kg,3.23 €,100.00%,Grasa
Aceite De Trufa,kg,3.60 €,100.00%,Grasa
Aceituna Negra Con Hueso,kg,2.00 €,100.00%,Vegetales y frutas
Aceituna Negra Sin Hueso,kg,3.06 €,100.00%,Vegetales y frutas
Aceituna Rellena,kg,2.34 €,100.00%,Vegetales y frutas
Aceituna Verde Con Hueso,kg,1.85 €,100.00%,Vegetales y frutas
Aceituna Verde Sin Hueso,kg,3.42 €,100.00%,Vegetales y frutas
Acido De Frutos,l,8.53 €,100.00%,Secos y conservas
Actimel,unidad,0.26 €,100.00%,Lácteos y sustitutos
Agar Agar,kg,63.07 €,100.00%,Secos y conservas
Agua 1/2 Gas Fuente Alta,unidad,0.09 €,100.00%,Bebidas
Agua 1/2 Sin Gas Fuente Alta,unidad,0.09 €,100.00%,Bebidas
Agua Apollinares 100cl,unidad,0.99 €,100.00%,Bebidas
Agua Cristal 75cl,unidad,0.17 €,100.00%,Bebidas
Agua De Azahar,lts.,5.04 €,100.00%,Bebidas
Agua De Rosas,lts.,28.80 €,100.00%,Bebidas
Agua Firgas 75cl. Gas,unidad,0.20 €,100.00%,Bebidas
Agua Pet 1.5 Lt,unidad,0.30 €,100.00%,Bebidas
Agua Pet 50cl,unidad,0.17 €,100.00%,Bebidas
Aguacate,kg,4.35 €,100.00%,Vegetales y frutas
Agualts. Garrafa,lts.,0.13 €,100.00%,Bebidas
Aguja De Res,kg,6.53 €,100.00%,Proteína animal
Aji,kg,10.71 €,100.00%,Vegetales y frutas
Ajo Deshidratado,kg,4.66 €,100.00%,Vegetales y frutas
Ajon Joli,kg,14.14 €,100.00%,Vegetales y frutas
Ajos Granel,kg,2.70 €,100.00%,Vegetales y frutas
Ajos Tiernos,manojo,2.00 €,100.00%,Vegetales y frutas
Alaska Neutro,kg,9.65 €,100.00%,Secos y conservas
Albahaca,manojo,0.70 €,100.00%,Vegetales y frutas
Albaricoque,kg,2.30 €,100.00%,Vegetales y frutas
Albumina(Huevo En Polvo),kg,13.00 €,100.00%,Proteína animal
Alcachofa,kg,2.80 €,100.00%,Vegetales y frutas
Alcachofa Cong.,kg,2.81 €,100.00%,Vegetales y frutas
Alcaparra,kg,8.84 €,100.00%,Vegetales y frutas
Alcegas,manojo,0.30 €,100.00%,Vegetales y frutas
Alcohofa Conserva,kg,2.35 €,100.00%,Vegetales y frutas
Alemja Japonica Fresca,kg,11.00 €,100.00%,Proteína animal
Alfonsiños Fresco,kg,9.50 €,100.00%,Proteína animal
Aljaginato Sodico,bote,23.10 €,100.00%,Proteína animal
Almejas Cong,kg,2.50 €,100.00%,Proteína animal
Almejas Finas Fresca,kg,11.00 €,100.00%,Proteína animal
Almendra Cruda C/P,kg,8.49 €,100.00%,Vegetales y frutas
Almendra Crudas/P,kg,9.41 €,100.00%,Vegetales y frutas
Almendra Fileteada,kg,15.48 €,100.00%,Vegetales y frutas
Almendra Frita Salada,kg,9.52 €,100.00%,Vegetales y frutas
Almendra Grano,kg,14.52 €,100.00%,Vegetales y frutas
Almendra Harina,kg,14.12 €,100.00%,Vegetales y frutas
Almendra Palillo,kg,10.42 €,100.00%,Vegetales y frutas
Almendra Tostada Con Piel,kg,7.11 €,100.00%,Vegetales y frutas
Almogrote,kg,14.26 €,100.00%,Lácteos y sustitutos
Altramuces,kg,3.15 €,100.00%,Vegetales y frutas
Alubia Blanca,kg,1.90 €,100.00%,Vegetales y frutas
Alubia Cong.,kg,2.22 €,100.00%,Vegetales y frutas
Alubia De Tolosa,kg,15.98 €,100.00%,Vegetales y frutas
Alubia Grande,kg,2.58 €,100.00%,Vegetales y frutas
Alubia Negra,kg,1.54 €,100.00%,Vegetales y frutas
Alubia Pinta,kg,1.95 €,100.00%,Vegetales y frutas
Alubia Roja,kg,1.78 €,100.00%,Vegetales y frutas
Amapola Azul,kg,2.26 €,100.00%,Vegetales y frutas
Ambrosias,unidad,0.16 €,100.00%,Secos y conservas
Anacardo,kg,9.38 €,100.00%,Vegetales y frutas
Anchoas Conserva,kg,44.28 €,100.00%,Proteína animal
Angulas,kg,20.00 €,100.00%,Proteína animal
Anis En Grano,kg,7.12 €,100.00%,Secos y conservas
Anis Estrellado,kg,22.50 €,100.00%,Secos y conservas
Anticristalizante,kg,34.48 €,100.00%,Secos y conservas
Apio Blanco,kg,1.15 €,100.00%,Vegetales y frutas
Apio Verde,kg,1.50 €,100.00%,Vegetales y frutas
Arandanos,paq,5.95 €,100.00%,Vegetales y frutas
Arandanos Cong.,kg,2.73 €,100.00%,Vegetales y frutas
Arroz Arboreo,kg,3.13 €,100.00%,Secos y conservas
Arroz Bomba,kg,2.80 €,100.00%,Secos y conservas
Arroz Grano Corto,kg,0.68 €,100.00%,Secos y conservas
Arroz Grano Largo,kg,1.03 €,100.00%,Secos y conservas
Arroz Inflado,kg,1.89 €,100.00%,Secos y conservas
Arroz Integral,kg,1.55 €,100.00%,Secos y conservas
Arroz Jazmin,kg,1.50 €,100.00%,Secos y conservas
Arroz Salvaje,kg,5.64 €,100.00%,Secos y conservas
Arroz Suchi,kg,2.82 €,100.00%,Secos y conservas
Arroz Vaporizado,kg,0.75 €,100.00%,Secos y conservas
Arroz Basmati,kg,2.65 €,100.00%,Secos y conservas
Articulos Celiacos,kg,1.66 €,100.00%,Secos y conservas
Atun Aceite,kg,4.65 €,100.00%,Proteína animal
Atun Congelado,kg,4.85 €,100.00%,Proteína animal
Atun Escabeche,kg,4.88 €,100.00%,Proteína animal
Atun Fresco,kg,9.25 €,100.00%,Proteína animal
Atun Lomo Congelado,kg,4.30 €,100.00%,Proteína animal
Atun Lomo Fresco,kg,6.50 €,100.00%,Proteína animal
Atun Lomo Rojo Fresco,kg,21.15 €,100.00%,Proteína animal
Atun Migas Aceite,kg,4.65 €,100.00%,Proteína animal
Avellana Tostada,kg,7.33 €,100.00%,Vegetales y frutas
Avena En Copos,kg,1.19 €,100.00%,Secos y conservas
Azafran,sobre,0.26 €,100.00%,Secos y conservas
Azúcar Blanca Terron,kg,1.98 €,100.00%,Secos y conservas
Azúcar Comun,kg,0.47 €,100.00%,Secos y conservas
Azúcar De Palma,kg,4.73 €,100.00%,Secos y conservas
Azúcar Estuchada,kg,1.05 €,100.00%,Secos y conservas
Azúcar Fondant,kg,26.00 €,100.00%,Secos y conservas
Azúcar Glaassa,kg,1.03 €,100.00%,Secos y conservas
Azúcar Insoluble,kg,2.28 €,100.00%,Secos y conservas
Azúcar Invertida,kg,4.47 €,100.00%,Secos y conservas
Azúcar Morena,kg,3.57 €,100.00%,Secos y conservas
Azúcar Morena Estuchada,kg,2.94 €,100.00%,Secos y conservas
Babilla Ternera,kg,7.19 €,100.00%,Proteína animal
Bacalao Fresco,kg,7.54 €,100.00%,Proteína animal
Bacalao Lomo,kg,4.25 €,100.00%,Proteína animal
Bacalao Lomo Desalado,kg,4.50 €,100.00%,Proteína animal
Bacalao Lomo Extra,kg,7.85 €,100.00%,Proteína animal
Bacalao Piel Cong,kg,9.75 €,100.00%,Proteína animal
Bacalao Salado,kg,10.50 €,100.00%,Proteína animal
Bacon Ahumado,kg,3.05 €,100.00%,Proteína animal
Banderillas,kg,3.30 €,100.00%,Secos y conservas
Barquillo,paquete,1.73 €,100.00%,Secos y conservas
Barritas Chocolate,kg,18.00 €,100.00%,Secos y conservas
Base Hojaldre,unidad,4.79 €,100.00%,Secos y conservas
Base Para Helado,kg,10.30 €,100.00%,Secos y conservas
Base Para Pizza Congelada,kg,17.50 €,100.00%,Secos y conservas
Batata,kg,1.59 €,100.00%,Vegetales y frutas
Batavia,kg,1.20 €,100.00%,Vegetales y frutas
Batavia Roja,kg,0.90 €,100.00%,Vegetales y frutas
Batido Cacao,unidad,0.85 €,100.00%,Secos y conservas
Berberecho Conserva,kg,17.73 €,100.00%,Secos y conservas
Berenjenas,kg,1.60 €,100.00%,Vegetales y frutas
Berros,manojo,0.75 €,100.00%,Vegetales y frutas
Beterrada,kg,1.40 €,100.00%,Vegetales y frutas
Bienex Caramelo En Polvo,kg,5.98 €,100.00%,Secos y conservas
Bienmesabe,kg,8.92 €,100.00%,Secos y conservas
Bife Cong. Entrecot/Person,kg,6.95 €,100.00%,Proteína animal
Bife Cong.entrecot/Restau,kg,6.20 €,100.00%,Proteína animal
Bife Fresco Entrecot,kg,10.50 €,100.00%,Proteína animal
Bife Refrig. Entrecot,kg,8.95 €,100.00%,Proteína animal
Bife Ternera Lechal,kg,18.49 €,100.00%,Proteína animal
Bistec Pepitos,kg,5.80 €,100.00%,Proteína animal
Bogavante Cong.,kg,14.50 €,100.00%,Proteína animal
Bogavante Fresco,kg,19.20 €,100.00%,Proteína animal
Bola-Tapa Ternera,kg,5.25 €,100.00%,Proteína animal
Boletus Edulis,kg,12.19 €,100.00%,Vegetales y frutas
Boletus Edulis,kg,11.26 €,100.00%,Vegetales y frutas
Boletus Edulis Deshidratado,kg,48.29 €,100.00%,Vegetales y frutas
Bolleria Variada,unidad,0.10 €,100.00%,Secos y conservas
Bombones,kg,24.75 €,100.00%,Secos y conservas
Bonito Aceite,kg,9.00 €,100.00%,Proteína animal
Bonito Fresco,kg,2.95 €,100.00%,Proteína animal
Bonito Lomo Cong,kg,7.50 €,100.00%,Proteína animal
Bonito Migas,kg,6.51 €,100.00%,Proteína animal
Bonito Seco Laminas,kg,150.00 €,100.00%,Proteína animal
Boqueron Fresco,kg,8.00 €,100.00%,Proteína animal
Boqueron Vinagre,kg,21.62 €,100.00%,Proteína animal
Bovril,kg,24.38 €,100.00%,Secos y conservas
Brecol,kg,1.00 €,100.00%,Vegetales y frutas
Brevas,kg,4.80 €,100.00%,Vegetales y frutas
Brocoli,kg,3.80 €,100.00%,Vegetales y frutas
Brocoli Cong.,kg,1.44 €,100.00%,Vegetales y frutas
Brotes Alfalfa,paq,1.75 €,100.00%,Vegetales y frutas
Brotes Bandeja,unidad,1.00 €,100.00%,Vegetales y frutas
Brotes De Soja,paquete,1.85 €,100.00%,Vegetales y frutas
Brownie Chocolate,kg,12.33 €,100.00%,Secos y conservas
Brownies Preparados,kg,4.45 €,100.00%,Secos y conservas
Bubango,kg,1.85 €,100.00%,Vegetales y frutas
Buey Cong,kg,5.75 €,100.00%,Proteína animal
Burro Cong,kg,1.95 €,100.00%,Proteína animal
Burro Fresco,kg,7.50 €,100.00%,Proteína animal
Busgado Bigaro,kg,11.90 €,100.00%,Proteína animal
Butifarra,kg,13.48 €,100.00%,Proteína animal
Caballa Ahum,kg,10.00 €,100.00%,Proteína animal
Caballa Cons,kg,8.76 €,100.00%,Proteína animal
Caballa Fresco,kg,2.64 €,100.00%,Proteína animal
Cabello De Angel,kg,1.64 €,100.00%,Secos y conservas
Cabeza De Cerdo,kg,2.50 €,100.00%,Proteína animal
Cabeza De Pescado Fresco,kg,4.50 €,100.00%,Proteína animal
Cabra Fresca,kg,4.25 €,100.00%,Proteína animal
Cabrilla Fresca,kg,12.00 €,100.00%,Proteína animal
Cabrito Fresco,kg,12.49 €,100.00%,Proteína animal
Cacahuete Frito,kg,2.59 €,100.00%,Secos y conservas
Cacao Instantaneo,kg,1.64 €,100.00%,Secos y conservas
Cacao Polvo,kg,8.84 €,100.00%,Secos y conservas
Cacao Sobre Instantaneo,unidad,0.22 €,100.00%,Secos y conservas
Cacao Sobre Sin Gluten,kg,0.39 €,100.00%,Secos y conservas
Café Descafeinado,kg,8.64 €,100.00%,Secos y conservas
Café Descafeinado Grano,kg,9.06 €,100.00%,Secos y conservas
Café Grano Marcilla,kg,7.58 €,100.00%,Secos y conservas
Calabacin,kg,0.95 €,100.00%,Vegetales y frutas
Calabaza,kg,0.57 €,100.00%,Vegetales y frutas
Calamar Aros Cong,kg,10.90 €,100.00%,Proteína animal
Calamar Chipiron Fresco,kg,4.00 €,100.00%,Proteína animal
Calamar Chipiron Limpio,kg,4.95 €,100.00%,Proteína animal
Calamar Romana,kg,2.99 €,100.00%,Proteína animal
Calamar Tubo,kg,14.90 €,100.00%,Proteína animal
Caldo De Carne,kg,5.07 €,100.00%,Proteína animal
Caldo De Pollo,kg,5.36 €,100.00%,Proteína animal
Callos,kg,5.95 €,100.00%,Proteína animal
Callos Cong.,kg,2.39 €,100.00%,Proteína animal
Camaron,kg,13.00 €,100.00%,Proteína animal
Canela En Polvo,kg,8.77 €,100.00%,Secos y conservas
Canela En Rama,kg,20.64 €,100.00%,Secos y conservas
Canelones,kg,0.22 €,100.00%,Secos y conservas
Canelones Rellenos Fresco,kg,5.90 €,100.00%,Secos y conservas
Cangrejo Mar,kg,11.00 €,100.00%,Proteína animal
Cangrejo Rio Fresco,kg,9.95 €,100.00%,Proteína animal
Canonigos,unidad,2.50 €,100.00%,Vegetales y frutas
Canutillo Chocolate,kg,17.77 €,100.00%,Secos y conservas
Caqui,kg,3.00 €,100.00%,Vegetales y frutas
Carabineros,kg,56.00 €,100.00%,Proteína animal
Caramelo Cristal,kg,4.36 €,100.00%,Secos y conservas
Cardamomo,kg,37.50 €,100.00%,Secos y conservas
Cardos,kg,2.78 €,100.00%,Vegetales y frutas
Cardos Conserva,kg,1.28 €,100.00%,Vegetales y frutas
Carga Gas Sifon,bote,0.52 €,100.00%,Fungibles
Carne Centollo Txangur,kg,40.98 €,100.00%,Proteína animal
Carne Cerdo Molida,kg,5.88 €,100.00%,Proteína animal
Carne Molida Cong.,kg,3.60 €,100.00%,Proteína animal
Carne Molida Fresc.,kg,5.20 €,100.00%,Proteína animal
Carne Puchero,kg,3.60 €,100.00%,Proteína animal
Carne Vieira,kg,10.40 €,100.00%,Proteína animal
Carret Cordero Cong.,kg,8.95 €,100.00%,Proteína animal
Carret Cordero Fresc.,kg,11.00 €,100.00%,Proteína animal
Carret Cordero Lechal Cong.,kg,15.00 €,100.00%,Proteína animal
Carrillera Iberica Cong.,kg,9.45 €,100.00%,Proteína animal
Carrillera Ternera,kg,7.35 €,100.00%,Proteína animal
Carrillera V Gama,kg,6.78 €,100.00%,Proteína animal
Carrilleras Cerdo Fresc.,kg,9.45 €,100.00%,Proteína animal
Castaña De Agua,kg,1.50 €,100.00%,Vegetales y frutas
Castaña Pelada Congelada,kg,9.37 €,100.00%,Vegetales y frutas
Castañas,kg,3.81 €,100.00%,Vegetales y frutas
Cayena Entera,kg,7.95 €,100.00%,Secos y conservas
Cebolla Blanca,kg,0.76 €,100.00%,Vegetales y frutas
Cebolla Deshidratada,kg,4.01 €,100.00%,Vegetales y frutas
Cebolla Roja,kg,1.25 €,100.00%,Vegetales y frutas
Cebolletas,manojo,2.50 €,100.00%,Vegetales y frutas
Cebollino,manojo,0.70 €,100.00%,Vegetales y frutas
Cebollita Perla,kg,1.62 €,100.00%,Vegetales y frutas
Centollo Fresco,kg,13.42 €,100.00%,Proteína animal
Cereeales Fibra,kg,3.27 €,100.00%,Secos y conservas
Cereza Agria,kg,5.42 €,100.00%,Vegetales y frutas
Cereza Negra,kg,10.49 €,100.00%,Vegetales y frutas
Cereza Roja Confitada (Pas),kg,5.13 €,100.00%,Vegetales y frutas
Cereza Roja/Verde,kg,5.13 €,100.00%,Vegetales y frutas
Cereza Verde Confitada (Pas),kg,5.37 €,100.00%,Vegetales y frutas
Cerezas,kg,5.25 €,100.00%,Vegetales y frutas
Chalotas,bolsa,0.85 €,100.00%,Vegetales y frutas
Champiñon,kg,2.10 €,100.00%,Vegetales y frutas
Champiñon Laminado,kg,1.10 €,100.00%,Vegetales y frutas
Cherne Cong Lomo,kg,12.50 €,100.00%,Proteína animal
Cherne Entero Cong,kg,6.50 €,100.00%,Proteína animal
Cherne Fresco,kg,11.50 €,100.00%,Proteína animal
Cherne Salado,kg,8.50 €,100.00%,Proteína animal
Chicharro Fresco,kg,1.50 €,100.00%,Proteína animal
Chicharrones,kg,5.80 €,100.00%,Proteína animal
Chile Fresco,paq,2.70 €,100.00%,Vegetales y frutas
Chistorra,kg,5.24 €,100.00%,Proteína animal
Choco Limpio Cong,kg,4.50 €,100.00%,Proteína animal
Choco Sin Limpiar Cong,kg,5.50 €,100.00%,Proteína animal
Chocolate Sobre Instantaneo,unidad,0.14 €,100.00%,Secos y conservas
Chocolate Taza,kg,13.25 €,100.00%,Secos y conservas
Chocolatinas,unidad,0.07 €,100.00%,Secos y conservas
Chopitos Puntilla Cong,kg,4.65 €,100.00%,Proteína animal
Chopped Beef,kg,2.23 €,100.00%,Proteína animal
Chopped Pavo,kg,2.75 €,100.00%,Proteína animal
Chopped Pork,kg,1.61 €,100.00%,Proteína animal
Chorizo Asturiano,kg,6.13 €,100.00%,Proteína animal
Chorizo Cocinar,kg,4.39 €,100.00%,Proteína animal
Chorizo De Cantimpalo,kg,7.50 €,100.00%,Proteína animal
Chorizo Extra,kg,5.32 €,100.00%,Proteína animal
Chorizo Iberico Bellota,kg,10.55 €,100.00%,Proteína animal
Chorizo Parrillero,kg,5.39 €,100.00%,Proteína animal
Chorizo Sobrasada De Untar,kg,3.64 €,100.00%,Proteína animal
Chufas Secas,kg,2.60 €,100.00%,Vegetales y frutas
Chuleta Cordero Cong.,kg,5.90 €,100.00%,Proteína animal
Chuleta De Cerdo Cong.,kg,2.50 €,100.00%,Proteína animal
Chuleta De Cerdo Iberico,kg,7.50 €,100.00%,Proteína animal
Chuletero Cerdo Cong.,kg,3.10 €,100.00%,Proteína animal
Chuletero Cerdo Fresc.,kg,3.40 €,100.00%,Proteína animal
Chuletero Res Fresc.,kg,8.95 €,100.00%,Proteína animal
Chuletero Ternera Lechal,kg,22.99 €,100.00%,Proteína animal
Chupito De Chocolate,unidad,0.19 €,100.00%,Secos y conservas
Churros Lazos,kg,1.08 €,100.00%,Secos y conservas
Ciervo Lomo C/Hueso,kg,26.53 €,100.00%,Proteína animal
Ciervo Lomo S/Hueso,kg,31.50 €,100.00%,Proteína animal
Cigala Cong.,kg,14.50 €,100.00%,Proteína animal
Cigala Fresca,kg,37.87 €,100.00%,Proteína animal
Cilantro Semilla,kg,4.95 €,100.00%,Secos y conservas
Cilanttro,manojo,0.28 €,100.00%,Vegetales y frutas
Ciruela Amarilla,kg,1.63 €,100.00%,Vegetales y frutas
Ciruela Pasa Sin Hueso,kg,3.26 €,100.00%,Vegetales y frutas
Ciruela Roja,kg,1.02 €,100.00%,Vegetales y frutas
Clara Liquida,kg,2.16 €,100.00%,Proteína animal
Clavo En Grano,kg,17.73 €,100.00%,Secos y conservas
Cloruro Calcico,bote,12.00 €,100.00%,Secos y conservas
Cobertura Blanca,kg,2.86 €,100.00%,Secos y conservas
Cobertura Chocolate/Leche,kg,7.26 €,100.00%,Secos y conservas
Cobertura Chocolate/Negro,kg,6.69 €,100.00%,Secos y conservas
Cobertura Negra,kg,3.51 €,100.00%,Secos y conservas
Cobertura Sucedaneos,kg,3.51 €,100.00%,Secos y conservas
Cochinillo Cong.,kg,7.40 €,100.00%,Proteína animal
Cochinillo Fresc.,kg,7.50 €,100.00%,Proteína animal
Coco,unidad,1.09 €,100.00%,Secos y conservas
Coco Rallado,kg,4.17 €,100.00%,Secos y conservas
Coctel De Frutas Almibar,kg,0.93 €,100.00%,Vegetales y frutas
Coctel De Frutos Secos,kg,27.00 €,100.00%,Secos y conservas
Codillo De Cerdo Cong.,kg,1.00 €,100.00%,Proteína animal
Codillo De Cerdo Horneado,kg,4.18 €,100.00%,Proteína animal
Codorniz Cong.,kg,0.95 €,100.00%,Proteína animal
Codorniz Fresc.,unidad,1.30 €,100.00%,Proteína animal
Cogollo Lechuga,unidad,1.38 €,100.00%,Vegetales y frutas
Col,kg,1.10 €,100.00%,Vegetales y frutas
Col Bruselas Cong.,kg,2.00 €,100.00%,Vegetales y frutas
Col China,kg,0.58 €,100.00%,Vegetales y frutas
Col Morada,kg,3.40 €,100.00%,Vegetales y frutas
Cola De Pescado Fresco,kg,0.70 €,100.00%,Proteína animal
Coliflor,kg,1.20 €,100.00%,Vegetales y frutas
Coliflor Color,kg,1.50 €,100.00%,Vegetales y frutas
Coliflor Granel Cong.,kg,1.19 €,100.00%,Vegetales y frutas
Colorante Alimentario,kg,4.92 €,100.00%,Secos y conservas
Colorante Amarillo-Yema,l,19.15 €,100.00%,Secos y conservas
Colorante Azul,l,29.65 €,100.00%,Secos y conservas
Colorante Oro,unidad,13.67 €,100.00%,Secos y conservas
Colorante Pasteleria,bote,3.61 €,100.00%,Secos y conservas
Colorante Rojo Fresa,l,25.25 €,100.00%,Secos y conservas
Colorante Verde Pistacho,l,38.75 €,100.00%,Secos y conservas
Colorante Violeta,unidad,4.90 €,100.00%,Secos y conservas
Comino En Grano,kg,6.83 €,100.00%,Secos y conservas
Comino Molido,kg,4.79 €,100.00%,Secos y conservas
Concentrado De Coco,kg,3.86 €,100.00%,Secos y conservas
Conejo Cong.,kg,2.95 €,100.00%,Proteína animal
Conejo Higado-Riñón,kg,15.37 €,100.00%,Proteína animal
Conejo Lomo-Chuleta,kg,13.77 €,100.00%,Proteína animal
Conejos Fresc.,kg,3.50 €,100.00%,Proteína animal
Confit Pato Fresc.,unidad,2.04 €,100.00%,Proteína animal
Confitura De Frambuesa,kg,3.36 €,100.00%,Vegetales y frutas
Confitura De Tomate,kg,6.00 €,100.00%,Vegetales y frutas
Congrio Fresco,kg,7.50 €,100.00%,Proteína animal
Cordero Cong.,kg,8.95 €,100.00%,Proteína animal
Cordero Lechal,kg,12.50 €,100.00%,Proteína animal
Cordero Pata Cong.,kg,7.40 €,100.00%,Proteína animal
Cordero Pelibuey,kg,11.00 €,100.00%,Proteína animal
Corn Flakes,kg,2.03 €,100.00%,Secos y conservas
Corvina Cong,kg,8.17 €,100.00%,Proteína animal
Corvina Filete Cong,kg,4.70 €,100.00%,Proteína animal
Costilla Cerdo Fresc.,kg,3.45 €,100.00%,Proteína animal
Costilla De Cerdo Cong.,kg,4.25 €,100.00%,Proteína animal
Costilla De Cerdo Salada,kg,2.83 €,100.00%,Proteína animal
Costillar-Falda Ternera,kg,3.10 €,100.00%,Proteína animal
Cous Cous,kg,3.30 €,100.00%,Secos y conservas
Crema De Cacao,kg,3.18 €,100.00%,Lácteos y sustitutos
Crema De Cacao Porciones,unidad,0.13 €,100.00%,Lácteos y sustitutos
Crema De Leche Porcion,unidad,0.02 €,100.00%,Lácteos y sustitutos
Crema De Vonagre Balsam,L,6.52 €,100.00%,Secos y conservas
Crema Pastelera,kg,2.49 €,100.00%,Lácteos y sustitutos
Crema Pure De Castaña,kg,10.91 €,100.00%,Secos y conservas
Crepes,kg,0.30 €,100.00%,Secos y conservas
Croissant Cong.,kg,7.46 €,100.00%,Secos y conservas
Croissant Mini Cong.,kg,0.20 €,100.00%,Secos y conservas
Croissant Variado,unidad,0.13 €,100.00%,Secos y conservas
Cuadril De Ternera Cong.,kg,6.70 €,100.00%,Proteína animal
Cuadril De Ternera Fresc.,kg,7.50 €,100.00%,Proteína animal
Cuajada,kg,1.88 €,100.00%,Lácteos y sustitutos
Cuajo,bote,5.09 €,100.00%,Secos y conservas
Curado Curado Balsequillo,kg,7.85,100.00%,Lácteos y sustitutos
Curcuma,kg,8.50 €,100.00%,Secos y conservas
Curry,kg,5.94 €,100.00%,Secos y conservas
Datiles Sin Hueso,kg,3.25 €,100.00%,Vegetales y frutas
Decorcrem Blanco,kg,4.82 €,100.00%,Lácteos y sustitutos
Decorcrem-Crema Chocolate,kg,5.31 €,100.00%,Lácteos y sustitutos
Deli Yema,kg,4.14 €,100.00%,Proteína animal
Descafeinado Sobre,unidad,0.08 €,100.00%,Secos y conservas
Dextrosa,kg,6.28 €,100.00%,Secos y conservas
Dorada Fresco,kg,7.95 €,100.00%,Proteína animal
Dulce Batata,kg,2.82 €,100.00%,Vegetales y frutas
Dulce De Guayaba,kg,3.72 €,100.00%,Vegetales y frutas
Dulce De Leche,kg,4.56 €,100.00%,Lácteos y sustitutos
Dulce Guayaba Porciones,kg,4.27 €,100.00%,Vegetales y frutas
Dulce Jornada Gastronom.,unidad,0.90 €,100.00%,Vegetales y frutas
Edulcorante En Polvo,kg,59.70 €,100.00%,Secos y conservas
Edulcorante En Sobre,unidad,0.02 €,100.00%,Secos y conservas
Embutido Alemán,kg,4.13 €,100.00%,Proteína animal
Embutido Jornada Gastrono,kg,10.99 €,100.00%,Proteína animal
Emperador Lomo Fresco,kg,2.65 €,100.00%,Proteína animal
Emperador Salado,kg,9.49 €,100.00%,Proteína animal
Emulsionante,kg,4.95 €,100.00%,Secos y conservas
Endivia,unidad,1.20 €,100.00%,Vegetales y frutas
Enebro,kg,19.80 €,100.00%,Vegetales y frutas
Eneldo,manojo,0.80 €,100.00%,Vegetales y frutas
Eneldo En Grano,kg,29.73 €,100.00%,Vegetales y frutas
Ensalada Variedades,kg,2.25 €,100.00%,Vegetales y frutas
Ensaladilla Cong.,kg,0.91 €,100.00%,Vegetales y frutas
Escalope De Cerdo,kg,1.67 €,100.00%,Secos y conservas
Escarola,unidad,1.85 €,100.00%,Vegetales y frutas
Esencia De Mantequilla,kg,34.93 €,100.00%,Secos y conservas
Esencia Vainilla,kg,21.92 €,100.00%,Secos y conservas
Espagueti Fino,kg,1.25 €,100.00%,Secos y conservas
Esparrago Tallo,kg,1.24 €,100.00%,Vegetales y frutas
Esparrago Triguero,kg,5.40 €,100.00%,Vegetales y frutas
Esparrago Verde Cong.,kg,6.24 €,100.00%,Vegetales y frutas
Esparrago Verde Fresco,manojo,1.80 €,100.00%,Vegetales y frutas
Esparragos Finos,kg,3.21 €,100.00%,Vegetales y frutas
Esparragos Gruesos,kg,3.92 €,100.00%,Vegetales y frutas
Espinaca Fresca,kg,1.99 €,100.00%,Vegetales y frutas
Espinacas Cong.,kg,0.80 €,100.00%,Vegetales y frutas
Espirales Lazo Huevo,kg,1.17 €,100.00%,Secos y conservas
Espirales Lazo Tricolor,kg,2.33 €,100.00%,Secos y conservas
Estabilizante Helados,kg,13.23 €,100.00%,Secos y conservas
Estabilizante Sorbete,lt,8.87 €,100.00%,Secos y conservas
Estragon,kg,19.92 €,100.00%,Vegetales y frutas
Estragon Fresco,manojo,0.80 €,100.00%,Vegetales y frutas
Fettuccini Al Huevo,kg,2.38 €,100.00%,Secos y conservas
Fetuccini Espinacas Semola,kg,4.30 €,100.00%,Secos y conservas
Fiambre Extra,kg,6.33 €,100.00%,Proteína animal
Fideo De Arroz,kg,7.47 €,100.00%,Secos y conservas
Fideo Grueso,kg,1.19 €,100.00%,Secos y conservas
Fideos Finos,kg,1.19 €,100.00%,Secos y conservas
Filete De Corvina Salada,kg,7.75 €,100.00%,Proteína animal
Filete De Res Cong.,kg,6.49 €,100.00%,Proteína animal
Filigrana Chocolate,unidad,0.04 €,100.00%,Secos y conservas
Filigrana De Azúcar,paq.,12.12 €,100.00%,Secos y conservas
Flor Calabacin,unidad,0.30 €,100.00%,Secos y conservas
Flores Decoracion Pastel,unidad,13.07 €,100.00%,Secos y conservas
Foie Gras Canapes,kg,30.85 €,100.00%,Vegetales y frutas
Frambuesa,paq,4.04 €,100.00%,Vegetales y frutas
Frambuesas Cong.,kg,4.04 €,100.00%,Vegetales y frutas
Frangollo,kg,2.25 €,100.00%,Secos y conservas
Fresa Cong.,kg,2.30 €,100.00%,Vegetales y frutas
Fresas,kg,4.37 €,100.00%,Vegetales y frutas
Fructosa,kg,7.20 €,100.00%,Secos y conservas
Fruta Confitada Entera,kg,15.60 €,100.00%,Vegetales y frutas
Fruta Confitada Trozos,kg,2.99 €,100.00%,Vegetales y frutas
Frutas Del Bosque Cong.,kg,2.79 €,100.00%,Vegetales y frutas
Fuet,kg,8.40 €,100.00%,Proteína animal
Galletas Digestivas,kg,2.06 €,100.00%,Secos y conservas
Galletas Ecologicas,kg,10.40 €,100.00%,Secos y conservas
Galletas Maria,kg,1.38 €,100.00%,Secos y conservas
Galletas Paquete 25-30g,unidad,0.08 €,100.00%,Secos y conservas
Gallina Fresc.,kg,1.85 €,100.00%,Proteína animal
Gallo De Corral,kg,6.05 €,100.00%,Proteína animal
Gamba Fresca,kg,45.00 €,100.00%,Proteína animal
Gambas #5,kg,5.40 €,100.00%,Proteína animal
Gambas Pelada,kg,4.70 €,100.00%,Proteína animal
Garbanzo Frasco,kg,1.17 €,100.00%,Secos y conservas
Garbanzo Lechoso,kg,2.09 €,100.00%,Secos y conservas
Garron Fresc.,kg,4.50 €,100.00%,Proteína animal
Gel De Silice,kg,30.66 €,100.00%,Secos y conservas
Gelatina (Brillo),kg,1.47 €,100.00%,Secos y conservas
Gelatina En Laminas,kg,21.87 €,100.00%,Secos y conservas
Gelatina Fria,kg,4.43 €,100.00%,Secos y conservas
Gelatina Polvo,kg,4.43 €,100.00%,Secos y conservas
Germinado Paquete,paq,3.00 €,100.00%,Secos y conservas
Glucosa,kg,2.47 €,100.00%,Secos y conservas
Glucosa Atomizada,kg,47.74 €,100.00%,Secos y conservas
Gofio,kg,1.45 €,100.00%,Secos y conservas
Gofio Sobre Individual 25 G,unidad,0.07 €,100.00%,Secos y conservas
Gotas Chocolate,kg,8.30 €,100.00%,Secos y conservas
Granada,kg,2.40 €,100.00%,Vegetales y frutas
Granillo Chocolate Sucedaneo,kg,6.13 €,100.00%,Secos y conservas
Granillo Crocanti,kg,2.73 €,100.00%,Secos y conservas
Granos Café Chocolate,kg,11.35 €,100.00%,Secos y conservas
Grasa De Pato,kg,14.09 €,100.00%,Grasas
Grasa Vegetañ¡L Pasteleria,kg,2.22 €,100.00%,Grasas
Grosella Cong.,kg,1.80 €,100.00%,Vegetales y frutas
Guayabo,unidad,1.16 €,100.00%,Vegetales y frutas
Guindas Agrias,kg,3.18 €,100.00%,Vegetales y frutas
Guindilla,kg,1.75 €,100.00%,Vegetales y frutas
Guisante Cong.,kg,0.95 €,100.00%,Vegetales y frutas
Guisantes,kg,4.50 €,100.00%,Vegetales y frutas
Habas Baby,kg,10.20 €,100.00%,Vegetales y frutas
Habas De Cacao,kg,31.10 €,100.00%,Vegetales y frutas
Habas Finas Cong.,kg,1.73 €,100.00%,Vegetales y frutas
Habas Fritas,kg,20.25 €,100.00%,Vegetales y frutas
Habichuelas,kg,1.50 €,100.00%,Vegetales y frutas
Hamburguesa Cong.,kg,1.73 €,100.00%,Proteína animal
Hamburguesa V Gama,kg,34.00 €,100.00%,Proteína animal
Hamburguesas,kg,5.67 €,100.00%,Proteína animal
Harina Cereales,kg,2.54 €,100.00%,Secos y conservas
Harina De Arepas,kg,1.51 €,100.00%,Secos y conservas
Harina De Arroz,kg,1.92 €,100.00%,Secos y conservas
Harina De Centeno,kg,1.67 €,100.00%,Secos y conservas
Harina De Garbanzo,kg,4.10 €,100.00%,Secos y conservas
Harina De Maiz,kg,1.54 €,100.00%,Secos y conservas
Harina Entrefuerte,kg,0.38 €,100.00%,Secos y conservas
Harina Floja,kg,0.53 €,100.00%,Secos y conservas
Harina Fuerza,kg,0.54 €,100.00%,Secos y conservas
Harina Integral,kg,0.56 €,100.00%,Secos y conservas
Helado Lts,l,0.72 €,100.00%,Lácteos y sustitutos
Hierba Buena,manojo,0.28 €,100.00%,Vegetales y frutas
Hierbas Aromaticas,kg,7.60 €,100.00%,Vegetales y frutas
Higado De Cerdo,kg,2.24 €,100.00%,Proteína animal
Higado De Pollo,kg,1.90 €,100.00%,Proteína animal
Higado De Vacuno,kg,2.95 €,100.00%,Proteína animal
Higos Picos,kg,1.20 €,100.00%,Vegetales y frutas
Higos Secos,kg,3.11 €,100.00%,Vegetales y frutas
Hinojos,kg,0.50 €,100.00%,Vegetales y frutas
Hojas De Azúcar,unidad,0.05 €,100.00%,Vegetales y frutas
Hojas De Parra,kg,0.98 €,100.00%,Vegetales y frutas
Huesos,kg,2.75 €,100.00%,Proteína animal
Huesos De Jamon,kg,1.85 €,100.00%,Proteína animal
Huevas De Arenque,kg,89.46 €,100.00%,Proteína animal
Huevas De Erizo,kg,115.40 €,100.00%,Proteína animal
Huevas De Lumpo,kg,18.00 €,100.00%,Proteína animal
Huevas De Salmon,kg,62.03 €,100.00%,Proteína animal
Huevo Liquido,kg,1.73 €,100.00%,Proteína animal
Huevos De Codorniz,unidad,0.07 €,100.00%,Proteína animal
Huevos De Pascua,unidad,1.20 €,100.00%,Proteína animal
Huevos M,unidad,0.09 €,100.00%,Proteína animal
Huevos Xl,unidad,0.19 €,100.00%,Proteína animal
Impulsor En Polvo,kg,4.32 €,100.00%,Secos y conservas
Jabali Ragout/Tacos,kg,8.94 €,100.00%,Proteína animal
Jamon Bodega S/H,kg,8.67 €,100.00%,Proteína animal
Jamon Iberico Bellota S/H,kg,12.24 €,100.00%,Proteína animal
Jamon Iberico De Cebo,kg,35.00 €,100.00%,Proteína animal
Jamon Iberico Pn Bellota,kg,8.91 €,100.00%,Proteína animal
Jamon Serrano,kg,8.30 €,100.00%,Proteína animal
Jamon York 11x11,kg,2.02 €,100.00%,Proteína animal
Jamon York Extra,kg,4.51 €,100.00%,Proteína animal
Jamoncito De Ala Cong.,kg,2.35 €,100.00%,Proteína animal
Jareas De Pescado,kg,17.09 €,100.00%,Proteína animal
Jengibre,kg,3.80 €,100.00%,Vegetales y frutas
Jengibre Molido,kg,5.60 €,100.00%,Vegetales y frutas
Judia Verde Ancha,kg,3.63 €,100.00%,Vegetales y frutas
Judias Cong.,kg,1.01 €,100.00%,Vegetales y frutas
Ketchup Sobre,unidad,0.03 €,100.00%,Secos y conservas
Kiwi,kg,1.76 €,100.00%,Vegetales y frutas
Lagrimas Ibericas,kg,9.20 €,100.00%,Proteína animal
Langosta Cong.,kg,21.85 €,100.00%,Proteína animal
Langostino 2,kg,16.00 €,100.00%,Proteína animal
Langostino 3,kg,7.75 €,100.00%,Proteína animal
Langostino 4,kg,8.00 €,100.00%,Proteína animal
Langostino 5,kg,6.75 €,100.00%,Proteína animal
Lapas Fresco,kg,7.95 €,100.00%,Proteína animal
Lasaña,kg,8.33 €,100.00%,Secos y conservas
Laurel,kg,16.66 €,100.00%,Vegetales y frutas
Lavanda,kg,18.50 €,100.00%,Vegetales y frutas
Leche Cabra,l,1.12 €,100.00%,Lácteos y sustitutos
Leche Condensada,kg,1.85 €,100.00%,Lácteos y sustitutos
Leche Condesada,sobre,0.07 €,100.00%,Lácteos y sustitutos
Leche De Almendras,l,2.20 €,100.00%,Lácteos y sustitutos
Leche De Avena,l,1.52 €,100.00%,Lácteos y sustitutos
Leche De Coco,l,2.90 €,100.00%,Lácteos y sustitutos
Leche De Soja,l,0.98 €,100.00%,Lácteos y sustitutos
Leche Desnatada,l,0.54 €,100.00%,Lácteos y sustitutos
Leche En Polvo,kg,5.23 €,100.00%,Lácteos y sustitutos
Leche Entera,l,0.55 €,100.00%,Lácteos y sustitutos
Leche Entera Sin Lactosa,l,1.35 €,100.00%,Lácteos y sustitutos
Leche Evaporado,l,1.95 €,100.00%,Lácteos y sustitutos
Leche Fresca,kg,0.89 €,100.00%,Lácteos y sustitutos
Leche Semidesnatada,l,0.89 €,100.00%,Lácteos y sustitutos
Lechuga Roja,kg,0.70 €,100.00%,Vegetales y frutas
Lechuga,kg,1.20 €,100.00%,Vegetales y frutas
Lechuga Iceberg,kg,3.50 €,100.00%,Vegetales y frutas
Lecitina Soja,kg,56.60 €,100.00%,Secos y conservas
Lengua Res,kg,5.00 €,100.00%,Proteína animal
Lenguado Entero Cong,kg,5.60 €,100.00%,Proteína animal
Lenguado Filete Cong,kg,4.80 €,100.00%,Proteína animal
Lenguado Fresco,kg,16.80 €,100.00%,Proteína animal
Lenteja Colores Hindu,kg,2.50 €,100.00%,Secos y conservas
Lenteja De Lanzarote,kg,1.59 €,100.00%,Secos y conservas
Lenteja Peqeuña,kg,1.33 €,100.00%,Secos y conservas
Levadura Para Pan,kg,8.80 €,100.00%,Secos y conservas
Lima,kg,4.80 €,100.00%,Vegetales y frutas
Limon Confitado,kg,8.75 €,100.00%,Vegetales y frutas
Limon Polvo,kg,17.96 €,100.00%,Secos y conservas
Limones,kg,2.15 €,100.00%,Vegetales y frutas
Lomo Adobado,kg,3.95 €,100.00%,Proteína animal
Lomo Bola Cong.,kg,5.00 €,100.00%,Proteína animal
Lomo Bola Fresc.,kg,5.90 €,100.00%,Proteína animal
Lomo Buey,kg,6.95 €,100.00%,Proteína animal
Lomo Cinta Cong.,kg,3.15 €,100.00%,Proteína animal
Lomo Cinta Fresc.,kg,6.95 €,100.00%,Proteína animal
Lomo Embuchado,kg,31.87 €,100.00%,Proteína animal
Lomo Iberico Bellota,kg,25.58 €,100.00%,Proteína animal
Lubina Fresco,kg,7.95 €,100.00%,Proteína animal
Lubina Salada,kg,4.50 €,100.00%,Proteína animal
Lychee,kg,4.25 €,100.00%,Vegetales y frutas
Macadamia,kg,15.95 €,100.00%,Vegetales y frutas
Macarron Fresco,kg,6.11 €,100.00%,Secos y conservas
Macarrones Concha,kg,1.19 €,100.00%,Secos y conservas
Macarrones Pluma,kg,1.13 €,100.00%,Secos y conservas
Mago Chutney,kg,3.00 €,100.00%,Secos y conservas
Magret De Pato,unidad,11.80 €,100.00%,Proteína animal
Magret De Pato Cong.,kg,14.20 €,100.00%,Proteína animal
Magro De Cerdo,kg,6.50 €,100.00%,Proteína animal
Maicena,kg,4.33 €,100.00%,Secos y conservas
Maiz Cong.,kg,2.01 €,100.00%,Vegetales y frutas
Maiz Dulce,kg,0.99 €,100.00%,Vegetales y frutas
Malta Tostado,kg,2.10 €,100.00%,Secos y conservas
Maltosa,kg,3.00 €,100.00%,Secos y conservas
Mandarinas,kg,1.45 €,100.00%,Vegetales y frutas
Manga Roja,kg,4.00 €,100.00%,Vegetales y frutas
Mango Cong.,kg,2.48 €,100.00%,Vegetales y frutas
Mango Conserva,kg,2.81 €,100.00%,Vegetales y frutas
Mangos,kg,2.80 €,100.00%,Vegetales y frutas
Manos De Cerdo,kg,0.90 €,100.00%,Proteína animal
Manteca Confitada,kg,2.27 €,100.00%,Grasas
Manteca De Cacao,kg,23.75 €,100.00%,Grasas
Manteca De Cerdo,kg,1.53 €,100.00%,Grasas
Mantequilla,kg,4.82 €,100.00%,Grasas
Mantequilla Clarificada,kg,10.60 €,100.00%,Grasas
Mantequilla Porcion,kg,0.05 €,100.00%,Grasas
Manzana Golden,kg,1.15 €,100.00%,Vegetales y frutas
Manzana Reineta,kg,1.85 €,100.00%,Vegetales y frutas
Manzana Roja,kg,0.70 €,100.00%,Vegetales y frutas
Manzanilla,kg,10.50 €,100.00%,Vegetales y frutas
Manzanilla Sobre,sobre,0.04 €,100.00%,Vegetales y frutas
Margarina Croissant,kg,2.33 €,100.00%,Grasas
Margarina Hojaldre,kg,2.33 €,100.00%,Grasas
Margarina Porcion,kg,0.03 €,100.00%,Grasas
Marron Glase,kg,38.83 €,100.00%,Secos y conservas
Mayonesa,kg,1.25 €,100.00%,Secos y conservas
Mayonesa Sobre,unidad,0.03 €,100.00%,Secos y conservas
Mazapan,kg,5.96 €,100.00%,Secos y conservas
Medregal Cong,kg,4.1,100.00%,Secos y conservas
Mejillon Cong,kg,5.20 €,100.00%,Proteína animal
Mejillon Fresco,kg,5.20 €,100.00%,Proteína animal
Mejorana,kg,6.04 €,100.00%,Vegetales y frutas
Mejorante Precocinado,kg,5.30 €,100.00%,Secos y conservas
Melisa,manojo,0.70 €,100.00%,Vegetales y frutas
Melocoton,kg,1.25 €,100.00%,Vegetales y frutas
Melocoton Almibar,kg,0.86 €,100.00%,Vegetales y frutas
Melon,kg,0.89 €,100.00%,Vegetales y frutas
Membrillo,kg,3.72 €,100.00%,Vegetales y frutas
Membrillo Porcion,unidad,4.27 €,100.00%,Vegetales y frutas
Menestra Cong.,kg,0.86 €,100.00%,Vegetales y frutas
Menta,manojo,0.50 €,100.00%,Vegetales y frutas
Menta Poleo,sobre,0.04 €,100.00%,Vegetales y frutas
Merlucilla-Pescadilla,kg,6.79 €,100.00%,Proteína animal
Merluza Entera Cong,kg,4.90 €,100.00%,Proteína animal
Merluza Filete C/Piel Cong,kg,3.14 €,100.00%,Proteína animal
Merluza Filete S/Piel Cong,kg,3.10 €,100.00%,Proteína animal
Merluza Fresco,kg,8.95 €,100.00%,Proteína animal
Mermel/Gelat Frambuesa-Pa,kg,2.15 €,100.00%,Secos y conservas
Mermel/Gelat Fresa-Past.,kg,2.05 €,100.00%,Secos y conservas
Mermel/Gelat Kiwi-Pastel,kg,2.08 €,100.00%,Secos y conservas
Mermel/Gelat Naranja Past.,kg,3.76 €,100.00%,Secos y conservas
Mermelada Arandano,kg,3.64 €,100.00%,Secos y conservas
Mermelada Dietetica Sabores,kg,5.10 €,100.00%,Secos y conservas
Mermelada Hotel Porcion,unidad,0.20 €,100.00%,Secos y conservas
Mermelada Personal Porcion,unidad,0.03 €,100.00%,Secos y conservas
Mermelada Sabores,kg,2.28 €,100.00%,Secos y conservas
Mero Filete Cong,kg,4.85 €,100.00%,Proteína animal
Mero Fresco,kg,13.90 €,100.00%,Proteína animal
Mezcla De Setas,kg,0.70 €,100.00%,Vegetales y frutas
Mezcla Verduras Sopa,kg,1.55 €,100.00%,Vegetales y frutas
Micro Mezclum,kg,27.00 €,100.00%,Vegetales y frutas
Miel De Abeja,l,4.09 €,100.00%,Secos y conservas
Miel De Caña,kg,6.20 €,100.00%,Secos y conservas
Miel De Palma,kg,19.51 €,100.00%,Secos y conservas
Miel De Romero,kg,7.77 €,100.00%,Secos y conservas
Miel En Porciones,unidad,0.20 €,100.00%,Secos y conservas
Mini Cono Chocolate,unidad,0.57 €,100.00%,Secos y conservas
Mini Delicia Dulce Surtida,kg,3.97 €,100.00%,Secos y conservas
Mini Delicia Salada Surtida,kg,5.60 €,100.00%,Secos y conservas
Mini Pepino Conserva,kg,7.08 €,100.00%,Vegetales y frutas
Mini Pimiento,kg,4.00 €,100.00%,Vegetales y frutas
Minimazorcas,kg,3.17 €,100.00%,Vegetales y frutas
Miso,kg,6.00 €,100.00%,Secos y conservas
Mojo Rojo,kg,13.86 €,100.00%,Secos y conservas
Mora,paquete,3.55 €,100.00%,Vegetales y frutas
Moras Cong.,kg,3.71 €,100.00%,Vegetales y frutas
Morcilla Dulce,kg,3.73 €,100.00%,Proteína animal
Morcilla Salada,kg,1.61 €,100.00%,Proteína animal
Morcillo-Garron Ternera,kg,6.00 €,100.00%,Proteína animal
Morcon,kg,19.20 €,100.00%,Proteína animal
Morena Fresco,kg,8.50 €,100.00%,Proteína animal
Morilla Deshidratada,kg,516.66 €,100.00%,Vegetales y frutas
Mortadela,kg,5.63 €,100.00%,Proteína animal
Mostaza Dijon,kg,12.23 €,100.00%,Secos y conservas
Mostaza Fuerte,kg,5.55 €,100.00%,Secos y conservas
Mousse De Pato,kg,6.67 €,100.00%,Proteína animal
Mozataza Dulce,kg,10.15 €,100.00%,Secos y conservas
Moztaza Grano,kg,11.91 €,100.00%,Secos y conservas
Moztaza Sobre,unidad,0.20 €,100.00%,Secos y conservas
Muesli,kg,1.64 €,100.00%,Secos y conservas
Muslo Faisan Relleno,unidad,3.40 €,100.00%,Proteína animal
Nabo Blanco,kg,1.80 €,100.00%,Vegetales y frutas
Nachos,kg,6.88 €,100.00%,Secos y conservas
Nalga,kg,5.90 €,100.00%,Proteína animal
Naranja,kg,1.32 €,100.00%,Vegetales y frutas
Nata En Espray,unidad,0.95 €,100.00%,Lácteos y sustitutos
Nata Liquida,l,2.45 €,100.00%,Lácteos y sustitutos
Nata Mix Vegetal,l,2.23 €,100.00%,Lácteos y sustitutos
Navajas Cong.,kg,4.75 €,100.00%,Proteína animal
Necoras,kg,8.80 €,100.00%,Proteína animal
Nectarina,kg,14.00 €,100.00%,Vegetales y frutas
Neranja Confitada,kg,3.67 €,100.00%,Secos y conservas
Niños Comunion,unidad,2.53 €,100.00%,
Niscalo,kg,3.00 €,100.00%,Vegetales y frutas
Nisperos,kg,5.00 €,100.00%,Vegetales y frutas
Nueces Cascara,kg,2.00 €,100.00%,Vegetales y frutas
Nueces Peladas,kg,10.93 €,100.00%,Vegetales y frutas
Nuez Moscada,kg,2.08 €,100.00%,Secos y conservas
Nuez Moscada,unidad,1.94 €,100.00%,Secos y conservas
Ñames,kg,5.40 €,100.00%,Vegetales y frutas
Ñoras,kg,35.00 €,100.00%,Vegetales y frutas
Oregano,kg,6.09 €,100.00%,Vegetales y frutas
Oregano,manojo,1.00 €,100.00%,Vegetales y frutas
Orejones De Albaricoque,kg,1.99 €,100.00%,Secos y conservas
Orejones De Tomate,kg,18.00 €,100.00%,Secos y conservas
Ossobuco,kg,5.50 €,100.00%,Proteína animal
Ossobuco Cong.,kg,7.00 €,100.00%,Proteína animal
Ostras Frescas,unidad,2.00 €,100.00%,Proteína animal
Paleta Cocida Fiambre,kg,2.35 €,100.00%,Proteína animal
Paleta De Cerdo,kg,3.27 €,100.00%,Proteína animal
Paleta Ib. Bellota S/H,kg,40.54 €,100.00%,Proteína animal
Palitos De Cangrejo,kg,2.15 €,100.00%,Proteína animal
Palmitos,kg,2.64 €,100.00%,Vegetales y frutas
Palomita Cong.,kg,5.50 €,100.00%,Secos y conservas
Pampano Cong,kg,8.95 €,100.00%,Proteína animal
Pampano Fresco,kg,12.50 €,100.00%,Proteína animal
Pan Artesano,unidad,0.55 €,100.00%,Secos y conservas
Pan Bacadillo,unidad,0.57 €,100.00%,Secos y conservas
Pan Barra,unidad,0.57 €,100.00%,Secos y conservas
Pan Chapata,unidad,0.13 €,100.00%,Secos y conservas
Pan Congelado,unidad,0.05 €,100.00%,Secos y conservas
Pan Grisini,paquete,0.68 €,100.00%,Secos y conservas
Pan Hamburguesa Grande,unidad,0.22 €,100.00%,Secos y conservas
Pan Hamburguesa Pequeño,unidad,0.11 €,100.00%,Secos y conservas
Pan Mini Congelado,unidad,0.16 €,100.00%,Secos y conservas
Pan Mini Tostado,bolsa,1.36 €,100.00%,Secos y conservas
Pan Molde Americano,unidad,1.70 €,100.00%,Secos y conservas
Pan Molde Integral,paquete,1.40 €,100.00%,Secos y conservas
Pan Molde Integral C-C,paquete,0.87 €,100.00%,Secos y conservas
Pan Molde Sin Corteza,paquete,2.50 €,100.00%,Secos y conservas
Pan Molde Super,paquete,2.20 €,100.00%,Secos y conservas
Pan Negro,kg,5.00 €,100.00%,Secos y conservas
Pan Perrp Caliente,unidad,0.18 €,100.00%,Secos y conservas
Pan Pita,kg,4.55 €,100.00%,Secos y conservas
Pan Pulga,unidad,0.04 €,100.00%,Secos y conservas
Pan Rallado,kg,0.45 €,100.00%,Secos y conservas
Pan Tostado Integral,paquete,1.36 €,100.00%,Secos y conservas
Panceta Fresc.,kg,10.50 €,100.00%,Proteína animal
Panceta Salada,kg,2.80 €,100.00%,Proteína animal
Panes De Especias,kg,5.50 €,100.00%,Secos y conservas
Papa Antiguas,kg,0.55 €,100.00%,Vegetales y frutas
Papa Arrugar,kg,0.82 €,100.00%,Vegetales y frutas
Papa Dado Cong.,kg,1.17 €,100.00%,Vegetales y frutas
Papa Duquesa Cong.,kg,1.56 €,100.00%,Vegetales y frutas
Papa Negra,kg,5.89 €,100.00%,Vegetales y frutas
Papa Parisien Cong.,kg,0.80 €,100.00%,Vegetales y frutas
Papa Prefritas Cong.,kg,0.79 €,100.00%,Vegetales y frutas
Papada De Cerdo,kg,2.25 €,100.00%,Proteína animal
Papaya,kg,3.10 €,100.00%,Vegetales y frutas
Papaya Cong.,kg,2.40 €,100.00%,Vegetales y frutas
Papel De Arroz,paquete,6.75 €,100.00%,Secos y conservas
Papel Siliconado,paquete,27.00 €,100.00%,Fungibles
Parchita,kg,6.00 €,100.00%,Vegetales y frutas
Pareja Novios,unidad,8.93 €,100.00%,
Pargo Fresco,kg,12.90 €,100.00%,Proteína animal
Pasas Sultanas,kg,2.66 €,100.00%,Vegetales y frutas
Pasta Amarena,kg,15.68 €,100.00%,Secos y conservas
Pasta Aroma Cheescake (T),kg,14.12 €,100.00%,Secos y conservas
Pasta Aroma Vainilla,kg,21.92 €,100.00%,Secos y conservas
Pasta Avellana Aroma,kg,14.96 €,100.00%,Secos y conservas
Pasta Brick,hoja,0.14 €,100.00%,Secos y conservas
Pasta Cacahuete,kg,16.64 €,100.00%,Secos y conservas
Pasta Cereza Aroma,kg,18.20 €,100.00%,Secos y conservas
Pasta Champan Aroma,kg,19.75 €,100.00%,Secos y conservas
Pasta Crema Mandarina,kg,11.96 €,100.00%,Secos y conservas
Pasta Crema Mojito,kg,11.25 €,100.00%,Secos y conservas
Pasta De Aceitunas,kg,13.85 €,100.00%,Secos y conservas
Pasta Empanadillas,kg,6.76 €,100.00%,Secos y conservas
Pasta Filo,kg,13.37 €,100.00%,Secos y conservas
Pasta Frambuesa Aroma,kg,16.85 €,100.00%,Secos y conservas
Pasta Fresa Aroma,kg,18.26 €,100.00%,Secos y conservas
Pasta Fresca,kg,6.00 €,100.00%,Secos y conservas
Pasta Galletas Cookies,kg,11.77 €,100.00%,Secos y conservas
Pasta Giandua,kg,20.45 €,100.00%,Secos y conservas
Pasta Kataifi,kg,12.11 €,100.00%,Secos y conservas
Pasta Limon Aromas,kg,12.03 €,100.00%,Secos y conservas
Pasta Mango Aroma,kg,24.70 €,100.00%,Secos y conservas
Pasta Maracuya Aroma,kg,29.10 €,100.00%,Secos y conservas
Pasta Menta Aroma,kg,17.00 €,100.00%,Secos y conservas
Pasta Moka Aroma,kg,13.30 €,100.00%,Secos y conservas
Pasta Naranaja Aroma,kg,2.33 €,100.00%,Secos y conservas
Pasta Piña Aroma,kg,13.13 €,100.00%,Secos y conservas
Pasta Platano Aroma,kg,15.07 €,100.00%,Secos y conservas
Pasta Rollo De Primavera,paquete,3.50 €,100.00%,Secos y conservas
Pasta Selva Negra Aroma,kg,24.01 €,100.00%,Secos y conservas
Pasta Wanton,paquete,1.75 €,100.00%,Secos y conservas
Pastas Te,unidad,0.09 €,100.00%,Secos y conservas
Pasteleria Variada,unidad,1.16 €,100.00%,Secos y conservas
Pastillaje-Azúcar Moldeable,kg,8.20 €,100.00%,Secos y conservas
Pastillas Regaliz,caja,4.25 €,100.00%,Secos y conservas
Pata De Cerdo Asada,kg,1.00 €,100.00%,Proteína animal
Pata De Cerdo Cong.,kg,2.20 €,100.00%,Proteína animal
Pata De Cerdo Fresc.,kg,6.38 €,100.00%,Proteína animal
Pate Restaurante,kg,4.60 €,100.00%,Proteína animal
Pato,unidad,5.95 €,100.00%,Proteína animal
Pato Cong.,kg,2.75 €,100.00%,Proteína animal
Pavo Entero Cong.,kg,3.10 €,100.00%,Proteína animal
Pavo Fresc.,kg,3.95 €,100.00%,Proteína animal
Pavo Jamon,kg,3.31 €,100.00%,Proteína animal
Pavo Muslo Cong.,kg,3.10 €,100.00%,Proteína animal
Pavo Pechuga Cong.,kg,5.75 €,100.00%,Proteína animal
Pavo Pechuga Embutido,kg,3.85 €,100.00%,Proteína animal
Pavo Pechuga Fresc.,kg,5.95 €,100.00%,Proteína animal
Pavo Redondo,kg,3.40 €,100.00%,Proteína animal
Peceto-Filo Cong.,kg,5.60 €,100.00%,Proteína animal
Peceto-Filo Fresc.,kg,5.95 €,100.00%,Proteína animal
Pectina,kg,15.62 €,100.00%,Secos y conservas
Pepinillos,kg,1.18 €,100.00%,Vegetales y frutas
Pepino,kg,1.28 €,100.00%,Vegetales y frutas
Pera,kg,1.80 €,100.00%,Vegetales y frutas
Pera Almibar,kg,0.70 €,100.00%,Secos y conservas
Perca Filete Cong,kg,5.25 €,100.00%,Proteína animal
Perdices Cong. Pieza,unidad,5.15 €,100.00%,Proteína animal
Perdiz,unidad,6.50 €,100.00%,Proteína animal
Perejil,manojo,0.28 €,100.00%,Vegetales y frutas
Perejil Desidratado,kg,2.06 €,100.00%,Vegetales y frutas
Perlas Oro (Pasteleria),paq.,26.87 €,100.00%,Secos y conservas
Perlas Plata (Pasteleria),kg,27.90 €,100.00%,Secos y conservas
Pescadilla,kg,7.25 €,100.00%,Proteína animal
Pescado Azul Lomo Cong,kg,4.00 €,100.00%,Proteína animal
Petit Four Blanco,unidad,0.45 €,100.00%,Secos y conservas
Petit Four Choco,unidad,0.45 €,100.00%,Secos y conservas
Peto Congelado,kg,4.80 €,100.00%,Proteína animal
Pez Espada Lomo Cong,kg,4.68 €,100.00%,Proteína animal
Picantones Cong.,unidad,3.50 €,100.00%,Proteína animal
Pichon,kg,18.93 €,100.00%,Proteína animal
Pierna Añojo Fresc.,kg,5.40 €,100.00%,Proteína animal
Pierna Cordero Lechal Des.,kg,28.00 €,100.00%,Proteína animal
Pierna/Paleta Cordero Cong.,kg,10.90 €,100.00%,Proteína animal
Pierna/Paleta De Cordero,kg,6.30 €,100.00%,Proteína animal
Pierna-Rueda Ternera Cong.,kg,5.20 €,100.00%,Proteína animal
Pimenton De La Vera,kg,9.26 €,100.00%,Secos y conservas
Pimenton Dulce,kg,4.34 €,100.00%,Secos y conservas
Pimenton Picante,kg,4.34 €,100.00%,Secos y conservas
Pimienta Blanca En Grano,kg,20.39 €,100.00%,Secos y conservas
Pimienta Blanca Molida,kg,19.68 €,100.00%,Secos y conservas
Pimienta De Jamaica,kg,19.48 €,100.00%,Secos y conservas
Pimienta Negra En Grano,kg,10.76 €,100.00%,Secos y conservas
Pimienta Negra Mlida,kg,13.00 €,100.00%,Secos y conservas
Pimienta Palmera,kg,104.66 €,100.00%,Secos y conservas
Pimienta Rosa,kg,20.00 €,100.00%,Secos y conservas
Pimienta Sonbre,unidad,0.01 €,100.00%,Secos y conservas
Pimienta Verde,kg,10.32 €,100.00%,Secos y conservas
Pimienta Verde En Lata,kg,3.40 €,100.00%,Secos y conservas
Pimiento Amarillo,kg,2.78 €,100.00%,Vegetales y frutas
Pimiento Chorizero,kg,8.84 €,100.00%,Vegetales y frutas
Pimiento Cong.,kg,1.51 €,100.00%,Vegetales y frutas
Pimiento De Padron,kg,2.90 €,100.00%,Vegetales y frutas
Pimiento Italiano,kg,2.15 €,100.00%,Vegetales y frutas
Pimiento Morron,kg,3.63 €,100.00%,Vegetales y frutas
Pimiento Piquillo,kg,3.63 €,100.00%,Vegetales y frutas
Pimiento Rojo,kg,2.40 €,100.00%,Vegetales y frutas
Pimiento Verde,kg,1.60 €,100.00%,Vegetales y frutas
Piña Cong.,kg,2.08 €,100.00%,Vegetales y frutas
Piña En Almibar,kg,1.09 €,100.00%,Vegetales y frutas
Piña Millo,unidad,1.15 €,100.00%,Vegetales y frutas
Piña Tropical,kg,3.85 €,100.00%,Vegetales y frutas
Piñones,kg,70.00 €,100.00%,Secos y conservas
Pipas De Calabaza,kg,12.66 €,100.00%,Secos y conservas
Pipas Girasol,kg,2.30 €,100.00%,Secos y conservas
Piramide Chocolate,unidad,0.94 €,100.00%,Proteína animal
Pistachos Pelados,kg,15.96 €,100.00%,Secos y conservas
Pistola De Res,kg,5.25 €,100.00%,Proteína animal
Platano Seco,kg,0.65 €,100.00%,Vegetales y frutas
Platanos,kg,0.52 €,100.00%,Vegetales y frutas
Pochas Cong.,kg,7.48 €,100.00%,Secos y conservas
Pollo Alas Cong.,kg,2.10 €,100.00%,Proteína animal
Pollo Alas Fresc.,kg,6.68 €,100.00%,Proteína animal
Pollo De Corral,kg,3.50 €,100.00%,Proteína animal
Pollo Entero Cong.,kg,1.55 €,100.00%,Proteína animal
Pollo Fresc.,kg,1.01 €,100.00%,Proteína animal
Pollo Jamoncito,kg,1.60 €,100.00%,Proteína animal
Pollo Muslo Cong.,kg,1.35 €,100.00%,Proteína animal
Pollo Muslo Fresc.,kg,4.50 €,100.00%,Proteína animal
Pollo Muslo S/H S/P,kg,2.85 €,100.00%,Proteína animal
Pollo Nuggets Cong.,kg,3.60 €,100.00%,Proteína animal
Pollo Pechuga Cong.,kg,2.40 €,100.00%,Proteína animal
Pollo Pechuga Empanada,kg,3.65 €,100.00%,Proteína animal
Pollo Pechuga Fresc.,kg,2.70 €,100.00%,Proteína animal
Pollo Picanton,kg,2.99 €,100.00%,Proteína animal
Polvo De Regaliz,kg,28.50 €,100.00%,Secos y conservas
Polvorones,kg,5.52 €,100.00%,Secos y conservas
Pomelo,kg,2.35 €,100.00%,Vegetales y frutas
Postre Individual,kg,14.47 €,100.00%,Secos y conservas
Pota Cong,kg,4.80 €,100.00%,Proteína animal
Praguayos,kg,3.90 €,100.00%,Vegetales y frutas
Praline Almendra,kg,6.83 €,100.00%,Secos y conservas
Praline Avellana,kg,13.66 €,100.00%,Secos y conservas
Presa Cerdo Cong.,kg,15.25 €,100.00%,Proteína animal
Presa De Cerdo Fresc.,kg,14.50 €,100.00%,Proteína animal
Presa De Ternera Fresc.,kg,11.00 €,100.00%,Proteína animal
Profiteroles,unidad,0.45 €,100.00%,Secos y conservas
Puerros,kg,1.69 €,100.00%,Vegetales y frutas
Pularda Entera Cong.,kg,5.45 €,100.00%,Proteína animal
Pulpa Albaricoque Cong.,kg,5.78 €,100.00%,Vegetales y frutas
Pulpa Coco Cong.,kg,7.74 €,100.00%,Vegetales y frutas
Pulpa De Pimiento Chorizero,kg,8.84 €,100.00%,Vegetales y frutas
Pulpa Fresa Cong.,kg,5.58 €,100.00%,Vegetales y frutas
Pulpa Frutas Del Bosque Cong.,kg,5.28 €,100.00%,Vegetales y frutas
Pulpa Grosella Cong.,kg,5.90 €,100.00%,Vegetales y frutas
Pulpa Guayaba Cong.,kg,6.14 €,100.00%,Vegetales y frutas
Pulpa Higo Cong.,kg,6.94 €,100.00%,Vegetales y frutas
Pulpa Lima Cong.,kg,5.75 €,100.00%,Vegetales y frutas
Pulpa Mandarina Cong.,kg,8.87 €,100.00%,Vegetales y frutas
Pulpa Mango Cong.,kg,6.38 €,100.00%,Vegetales y frutas
Pulpa Manzana Cong.,kg,4.03 €,100.00%,Vegetales y frutas
Pulpa Maracuya Cong.,kg,8.10 €,100.00%,Vegetales y frutas
Pulpa Naranja Cong.,kg,6.49 €,100.00%,Vegetales y frutas
Pulpa Papaya Cong.,kg,6.29 €,100.00%,Vegetales y frutas
Pulpa Pera Cong.,kg,4.02 €,100.00%,Vegetales y frutas
Pulpa Piña Cong.,kg,6.11 €,100.00%,Proteína animal
Pulpa Pomelo Cong.,kg,8.21 €,100.00%,Vegetales y frutas
Pulpo Fresco,kg,7.94 €,100.00%,Proteína animal
Pulpo Cong,kg,6.20 €,100.00%,Proteína animal
Pure De Guindas,kg,6.13 €,100.00%,Secos y conservas
Pure De Papas,kg,1.56 €,100.00%,Secos y conservas
Quesadilla,unidad,1.83 €,100.00%,Secos y conservas
Queso Ahumado,kg,0.51 €,100.00%,Lácteos y sustitutos
Queso Ahumado Barra,kg,5.80 €,100.00%,Lácteos y sustitutos
Queso Almendra,kg,13.74 €,100.00%,Lácteos y sustitutos
Queso Artesano,kg,4.55 €,100.00%,Lácteos y sustitutos
Queso Azul,kg,5.78 €,100.00%,Lácteos y sustitutos
Queso Barra,kg,2.55 €,100.00%,Lácteos y sustitutos
Queso Brie,kg,0.40 €,100.00%,Lácteos y sustitutos
Queso Cabra Fresco,kg,7.30 €,100.00%,Lácteos y sustitutos
Queso Cabrales,kg,17.48 €,100.00%,Lácteos y sustitutos
Queso Cabre Semi Curado,kg,7.60 €,100.00%,Lácteos y sustitutos
Queso Camberbert,kg,0.48 €,100.00%,Lácteos y sustitutos
Queso Cheedar,kg,6.95 €,100.00%,Lácteos y sustitutos
Queso Crema,kg,5.22 €,100.00%,Lácteos y sustitutos
Queso Cuarado Arico,kg,10.52 €,100.00%,Lácteos y sustitutos
Queso De Flor D.O.,kg,14.99 €,100.00%,Lácteos y sustitutos
Queso De Oveja,kg,0.64 €,100.00%,Lácteos y sustitutos
Queso Emmental,kg,0.70 €,100.00%,Lácteos y sustitutos
Queso Feta,kg,5.76,100.00%,Lácteos y sustitutos
Queso Fresco,kg,5.75 €,100.00%,Lácteos y sustitutos
Queso Fresco Ahumado,kg,5.80 €,100.00%,Lácteos y sustitutos
Queso Gofio,kg,6.75 €,100.00%,Lácteos y sustitutos
Queso Gorgonsola,kg,6.65 €,100.00%,Lácteos y sustitutos
Queso Gouda,kg,3.69 €,100.00%,Lácteos y sustitutos
Queso Gruyere,kg,12.16 €,100.00%,Lácteos y sustitutos
Queso Herreño Tierno,kg,8.70 €,100.00%,Lácteos y sustitutos
Queso Idiazabal,kg,12.76 €,100.00%,Lácteos y sustitutos
Queso Majorero Semi Pim,kg,10.61 €,100.00%,Lácteos y sustitutos
Queso Manchego,kg,5.75 €,100.00%,Lácteos y sustitutos
Queso Mascarpone,kg,7.40 €,100.00%,Lácteos y sustitutos
Queso Mozarella,kg,5.66 €,100.00%,Lácteos y sustitutos
Queso Parmesano,kg,12.95 €,100.00%,Lácteos y sustitutos
Queso Picota,kg,6.88 €,100.00%,Lácteos y sustitutos
Queso Pimenton,kg,6.75 €,100.00%,Lácteos y sustitutos
Queso Quark,kg,2.70 €,100.00%,Lácteos y sustitutos
Queso Rallado,kg,3.9,100.00%,Lácteos y sustitutos
Queso Roquefort,kg,14.23,100.00%,Lácteos y sustitutos
Queso Rulo Cabra,kg,9.26 €,100.00%,Lácteos y sustitutos
Queso Torta Casar,kg,15.1,100.00%,Lácteos y sustitutos
Rabadilla De Ternera,kg,8.00 €,100.00%,Proteína animal
Rabanito,manojo,0.75 €,100.00%,Vegetales y frutas
Rabano,kg,0.70 €,100.00%,Vegetales y frutas
Rabo De Buey,kg,5.95 €,100.00%,Proteína animal
Rabo De Vacuno,kg,6.75 €,100.00%,Proteína animal
Rape Fresco,kg,23.90 €,100.00%,Proteína animal
Rape Cola Cong,kg,4.20 €,100.00%,Proteína animal
Ravioli Carne,kg,5.59 €,100.00%,Secos y conservas
Rebozador Papadum,kg,4.30 €,100.00%,Secos y conservas
Regaliz En Rama,kg,10.31 €,100.00%,Secos y conservas
Reina Luisa,unidad,0.75 €,100.00%,Vegetales y frutas
Relleno De Txangurro,kg,68.75 €,100.00%,Proteína animal
Remolacha,kg,0.52 €,100.00%,Vegetales y frutas
Reposteria,unidad,12.69 €,100.00%,Secos y conservas
Reposteria Sin Gluten,kg,9.45 €,100.00%,Secos y conservas
Requeson,kg,4.40 €,100.00%,Lácteos y sustitutos
Riñones De Cordero,kg,3.90 €,100.00%,Proteína animal
Riñones-Corazon De Cerdo,kg,3.00 €,100.00%,Proteína animal
Rodaballo Fresco,kg,9.95 €,100.00%,Proteína animal
Romero,manojo,0.70 €,100.00%,Vegetales y frutas
Rucola,manojo,0.70 €,100.00%,Vegetales y frutas
Ruibardos,kg,5.42 €,100.00%,Vegetales y frutas
Sacarinas,unidad,,100.00%,Secos y conservas
Sake,lts.,10.45 €,100.00%,Bebidas
Sal Ahumada,kg,40.81 €,100.00%,Secos y conservas
Sal En Escamas,kg,64.16 €,100.00%,Secos y conservas
Sal Especial,kg,21.17 €,100.00%,Secos y conservas
Sal Fina,kg,0.25 €,100.00%,Secos y conservas
Sal Gruesa,kg,0.24 €,100.00%,Secos y conservas
Sal Maldon,kg,18.28 €,100.00%,Secos y conservas
Sal Sobre,unidad,0.00 €,100.00%,Secos y conservas
Salami,kg,4.09 €,100.00%,Proteína animal
Salchicha Alemana,kg,6.54 €,100.00%,Proteína animal
Salchicha Blanca,kg,2.20 €,100.00%,Proteína animal
Salchicha Bratwurts,kg,6.54 €,100.00%,Proteína animal
Salchicha Coctel,kg,4.67 €,100.00%,Proteína animal
Salchicha Frank.,kg,2.60 €,100.00%,Proteína animal
Salchichas Parrilleras,kg,3.75 €,100.00%,Proteína animal
Salchichon,kg,3.83 €,100.00%,Proteína animal
Salchichon Iberico Bellota,kg,10.75 €,100.00%,Proteína animal
Salmon Ahumado,kg,14.50 €,100.00%,Proteína animal
Salmon Cong,kg,4.00 €,100.00%,Proteína animal
Salmon Fresco,kg,10.95 €,100.00%,Proteína animal
Salmonete,kg,3.90 €,100.00%,Proteína animal
Salmonete Fresco,kg,23.60 €,100.00%,Proteína animal
Salsa Agridulce,kg,7.50 €,100.00%,Secos y conservas
Salsa De Soja,kg,6.61 €,100.00%,Secos y conservas
Salsa Perryns,unidad,1.78 €,100.00%,Secos y conservas
Salsa Tabasco,bote,1.81 €,100.00%,Secos y conservas
Salsa Tomate Ketchup,kg,1.04 €,100.00%,Secos y conservas
Salvado,kg,0.61 €,100.00%,Secos y conservas
Salvia,manojo,0.85 €,100.00%,Secos y conservas
Sama Cong,kg,4.00 €,100.00%,Proteína animal
Sama Fresco,kg,7.41 €,100.00%,Proteína animal
Sandía,kg,0.90 €,100.00%,Vegetales y frutas
Sardina Cong,kg,1.80 €,100.00%,Proteína animal
Sardina Fresco,kg,2.95 €,100.00%,Proteína animal
Sardinas En Conservas,kg,15.63 €,100.00%,Proteína animal
Sargo Cong.,kg,3.95 €,100.00%,Proteína animal
Sargo Fresco,kg,7.53 €,100.00%,Proteína animal
Secreto De Cerdo,kg,15.73 €,100.00%,Proteína animal
Semola De Maiz(Polenta),kg,6.76 €,100.00%,Secos y conservas
Semola De Trigo,kg,2.36 €,100.00%,Secos y conservas
Sepia Fresco,kg,11.10 €,100.00%,Proteína animal
Sesamo Blanco,kg,3.39 €,100.00%,Secos y conservas
Sesamo Negro,kg,8.33 €,100.00%,Secos y conservas
Sesos De Cordero,kg,7.98 €,100.00%,Proteína animal
Sesos De Res,kg,2.00 €,100.00%,Proteína animal
Set Aceite Vinagre Y Sal,unidad,0.16 €,100.00%,Fungibles
Seta Granel,kg,6.55 €,100.00%,Vegetales y frutas
Sirope Sabores,unidad,2.81 €,100.00%,Secos y conservas
Soja Germinada,kg,6.25 €,100.00%,Secos y conservas
Solomillo 3/4 Cong.,kg,13.00 €,100.00%,Proteína animal
Solomillo 3/4 Refrig.,kg,18.75 €,100.00%,Proteína animal
Solomillo 4/5 Cong.,kg,15.50 €,100.00%,Proteína animal
Solomillo 4/5 Refrig.,kg,18.50 €,100.00%,Proteína animal
Solomillo Añojo Fresc.,kg,15.00 €,100.00%,Proteína animal
Solomillo Cerdo Cong.,kg,6.00 €,100.00%,Proteína animal
Solomillo Cerdo Iberico,kg,7.95 €,100.00%,Proteína animal
Solomillo Ciervo Cong.,kg,24.00 €,100.00%,Proteína animal
Solomillo Jabali,kg,15.50 €,100.00%,Proteína animal
Sorbete Helado,lt,0.76 €,100.00%,Secos y conservas
Sumfill Topfill Manzana,kg,5.26 €,100.00%,Secos y conservas
Super Mixo (Chocolate),kg,15.22 €,100.00%,Secos y conservas
Surtidos,kg,19.61 €,100.00%,Secos y conservas
Sucedaneo Caviar Negro,kg,25.94 €,100.00%,Secos y conservas
Sucedaneo Caviar Rojo,kg,25.94 €,100.00%,Secos y conservas
Sucedaneo De Anguila,kg,5.75 €,100.00%,Secos y conservas
Taco Pescado Cong.,kg,2.12 €,100.00%,Proteína animal
Taco Res Cong.,kg,5.60 €,100.00%,Proteína animal
Tacos De Cerdo Cong.,kg,3.60 €,100.00%,Proteína animal
Tagliatele Fresco,kg,7.33 €,100.00%,Secos y conservas
Tallarines Huevo,kg,1.17 €,100.00%,Secos y conservas
Tallarines Integrales,kg,7.92 €,100.00%,Secos y conservas
Tapete Para Fondant,unidad,22.90 €,100.00%,Fungibles
Tarta,kg,6.00 €,100.00%,Secos y conservas
Tarta Manzana,kg,7.56 €,100.00%,Secos y conservas
Tartaleta Dulce 39mm,unidad,0.07 €,100.00%,Secos y conservas
Tartaleta Salada 39mm,unidad,0.07 €,100.00%,Secos y conservas
Tartaleta Salada 49mm,unidad,0.08 €,100.00%,Secos y conservas
Tartaleta Salada Surtida,unidad,0.30 €,100.00%,Secos y conservas
Te Rojo,sobre,0.07 €,100.00%,Secos y conservas
Te Sobre,kg,0.04 €,100.00%,Secos y conservas
Te Verde,sobre,0.04 €,100.00%,Secos y conservas
Tempura,kg,1.96 €,100.00%,Secos y conservas
Terrina Foie,kg,30.85 €,100.00%,Proteína animal
Tila Sobre,kg,0.04 €,100.00%,Secos y conservas
Tinta De Calamar,unidad,0.15 €,100.00%,Secos y conservas
Tocino,kg,4.29 €,100.00%,Proteína animal
Tocino De Cerdo,kg,1.25 €,100.00%,Proteína animal
Tofu,kg,8.75 €,100.00%,Secos y conservas
Tollos,kg,3.33 €,100.00%,Proteína animal
Tomate Cherry,kg,4.20 €,100.00%,Vegetales y frutas
Tomate Ensalda,kg,1.95 €,100.00%,Vegetales y frutas
Tomate Entero,kg,0.63 €,100.00%,Vegetales y frutas
Tomate Frito,kg,0.63 €,100.00%,Secos y conservas
Tomate Negro,kg,3.25 €,100.00%,Vegetales y frutas
Tomate Pera,kg,1.45 €,100.00%,Vegetales y frutas
Tomate Salsa,kg,1.15 €,100.00%,Secos y conservas
Tomete Triturado,kg,0.48 €,100.00%,Secos y conservas
Tomillo,manojo,0.70 €,100.00%,Vegetales y frutas
Tomillo,kg,0.64 €,100.00%,Vegetales y frutas
Torillas De Arroz,kg,6.19 €,100.00%,Secos y conservas
Toronjil,manojo,0.50 €,100.00%,Vegetales y frutas
Tortellini Espinaca,kg,12.20 €,100.00%,Secos y conservas
Tortitas De Avena,kg,11.68 €,100.00%,Secos y conservas
Trigo Con Miel,kg,2.38 €,100.00%,Secos y conservas
Trigo Fino,kg,1.72 €,100.00%,Secos y conservas
Tripa De Bacalao Saladas,kg,20.18 €,100.00%,Proteína animal
Trompeta Muerte Deshidratada,kg,41.00 €,100.00%,Vegetales y frutas
Trucha Ahumada,kg,4.10 €,100.00%,Proteína animal
Trucha Asalmonada,kg,4.35 €,100.00%,Proteína animal
Trufa,kg,129.67 €,100.00%,Vegetales y frutas
Tubo De Calamar Cong.,kg,2.50 €,100.00%,Proteína animal
Turron Blando,kg,8.61 €,100.00%,Secos y conservas
Turron Chocolate,unidad,3.60 €,100.00%,Secos y conservas
Turron De Jijona,kg,6.63 €,100.00%,Secos y conservas
Turron Liquido,kg,9.91 €,100.00%,Secos y conservas
Uva Blanca,kg,1.45 €,100.00%,Vegetales y frutas
Uva Negra,kg,1.75 €,100.00%,Vegetales y frutas
Vaina De Vainilla,kg,35.40 €,100.00%,Secos y conservas
Ventresca De Atun,kg,37.53 €,100.00%,Proteína animal
Vieira Fresca,kg,31.70 €,100.00%,Proteína animal
Vieja Fresca,kg,12.50 €,100.00%,Proteína animal
Viejas Cong.,kg,6.50 €,100.00%,Proteína animal
Viejas Jareadas,kg,51.25 €,100.00%,Proteína animal
Vieras Cong.,kg,4.50 €,100.00%,Proteína animal
Vinagre Agridulce,kg,38.00 €,100.00%,Secos y conservas
Vinagre Balsamico,kg,,100.00%,Secos y conservas
Vinagre Blanco,kg,0´41 €,100.00%,Secos y conservas
Vinagre De Arroz,kg,4´91 €,100.00%,Secos y conservas
Vinagre De Jerez,kg,3´97 €,100.00%,Secos y conservas
Vinagre De Manzana,kg,1´90 €,100.00%,Secos y conservas
Vinagre De Modena,kg,9´37 €,100.00%,Secos y conservas
Vinagre Estragon,kg,4´54 €,100.00%,Secos y conservas
Vinagre Finas Hiervas,kg,4´68 €,100.00%,Secos y conservas
Vinagre Macho,kg,15´80 €,100.00%,Secos y conservas
Vinagre Miniatura 20 Mml,unidad,0´15 €,100.00%,Secos y conservas
Vinagre Tinto,l,0´49 €,100.00%,Secos y conservas
Viruta De Chocolate,kg,10´01 €,100.00%,Secos y conservas
Viruta De Trufa,kg,72´22 €,100.00%,Secos y conservas
Viruta Lamina Chocolate,kg,11´43 €,100.00%,Secos y conservas
Vol-Au-Vent 34mm,unidad,0´13 €,100.00%,Secos y conservas
Vol-Au-Vent 82mm,unidad,0´25 €,100.00%,Secos y conservas
Vol-Au-Vent Pez 60mm,unidad,0´40 €,100.00%,Secos y conservas
Wasabi,tubo,2´30 €,100.00%,Secos y conservas
Yema Liquida,kg,4´1,100.00%,Proteína animal
Yogour Activvia,unidad,0´29 €,100.00%,Lácteos y sustitutos
Yogour Liquido,unidad,0´19,100.00%,Lácteos y sustitutos
Yogour Natural,unidad,0´17 €,100.00%,Lácteos y sustitutos
Yogour Sabia,unidad,0´34 €,100.00%,Lácteos y sustitutos
Yogour Sabores,unidad,0´16,100.00%,Lácteos y sustitutos
Yogour Sabores Bio Soja,unidad,0´23 €,100.00%,Lácteos y sustitutos
Yogour Sabores C-Fruta,unidad,0´28,100.00%,Lácteos y sustitutos
Yogour Vegetal,unidad,1´24,100.00%,Lácteos y sustitutos
Yogour Vitalinea,unidad,0´18 €,100.00%,Lácteos y sustitutos
Yogur,kg,1´24 €,100.00%,Lácteos y sustitutos
Yuca,kg,2´30 €,100.00%,Vegetales y frutas
Zanahoria,kg,0´63 €,100.00%,Vegetales y frutas
Zanahoria Baby Congelada,kg,0´99 €,100.00%,Vegetales y frutas
Zanahoria Cong.,kg,0´67 €,100.00%,Vegetales y frutas
Zanahoria Rallada,kg,0´47 €,100.00%,Vegetales y frutas
Piparra En Vinagre,kg,17´00 €,100.00%,Vegetales y frutas
Fumet,l,4´50 €,100.00%,Proteína animal
Vino Blanco,l,0´69 €,100.00%,Bebidas
Vino Tinto,l,0´69 €,100.00%,Bebidas
